<?xml version="1.0" encoding="UTF-8" ?>
<!DOCTYPE log4j:configuration SYSTEM "log4j.dtd">
<log4j:configuration xmlns:log4j='http://jakarta.apache.org/log4j/'>
	<appender name="CA" class="org.apache.log4j.ConsoleAppender">
		<param name="Threshold" value="TRACE"/>
		<layout class="org.apache.log4j.PatternLayout">
			<param name="ConversionPattern" value="[%c{1}] %-5p: %m%n" />
		</layout>
	</appender>
	<appender name="FA" class="org.apache.log4j.RollingFileAppender">
		<param name="File" value="/usr/jboss/server/rewardme/log/server.log"/>
		<param name="Append" value="true"/>
		<param name="MaxFileSize" value="10MB"/>
		<param name="MaxBackupIndex" value="20"/>
		<param name="Threshold" value="TRACE"/>
		<layout class="org.apache.log4j.PatternLayout">
			<param name="ConversionPattern" value="%d [%t] [%c{1}] %-5p: %m%n" />
		</layout>
	</appender>
	<logger name="org.apache.commons.httpclient">
		<!-- Print only messages of level warn or above-->
		<level value="WARN"/>
	</logger>
	<logger name="httpclient.wire">
		<!-- Print only messages of level warn or above-->
		<level value="WARN"/>
	</logger>
	<logger name="ClientCnxn">
		<!-- Print only messages of level warn or above-->
		<level value="WARN"/>
	</logger> 	
	<root>
		<level value="TRACE" />
		<appender-ref ref="CA" />
		<appender-ref ref="FA" />
	</root>
</log4j:configuration>